-- --------------------------------------------------------
-- Host:                         localhost
-- Server version:               8.0.35 - MySQL Community Server - GPL
-- Server OS:                    Win64
-- HeidiSQL Version:             12.1.0.6537
-- --------------------------------------------------------

/*!40101 SET @OLD_CHARACTER_SET_CLIENT=@@CHARACTER_SET_CLIENT */;
/*!40101 SET NAMES utf8 */;
/*!50503 SET NAMES utf8mb4 */;
/*!40103 SET @OLD_TIME_ZONE=@@TIME_ZONE */;
/*!40103 SET TIME_ZONE='+00:00' */;
/*!40014 SET @OLD_FOREIGN_KEY_CHECKS=@@FOREIGN_KEY_CHECKS, FOREIGN_KEY_CHECKS=0 */;
/*!40101 SET @OLD_SQL_MODE=@@SQL_MODE, SQL_MODE='NO_AUTO_VALUE_ON_ZERO' */;
/*!40111 SET @OLD_SQL_NOTES=@@SQL_NOTES, SQL_NOTES=0 */;


-- Dumping database structure for suivi_cc_dev
CREATE DATABASE IF NOT EXISTS `suivi_cc_dev` /*!40100 DEFAULT CHARACTER SET utf8mb4 COLLATE utf8mb4_0900_ai_ci */ /*!80016 DEFAULT ENCRYPTION='N' */;
USE `suivi_cc_dev`;

-- Dumping structure for table suivi_cc_dev.cadre
CREATE TABLE IF NOT EXISTS `cadre` (
  `id` int NOT NULL AUTO_INCREMENT,
  `MAT_PERS` varchar(6) CHARACTER SET utf8mb4 COLLATE utf8mb4_unicode_ci NOT NULL,
  `NOM_PERS` varchar(45) CHARACTER SET utf8mb4 COLLATE utf8mb4_unicode_ci NOT NULL,
  `NOM_PERS_A` varchar(45) CHARACTER SET utf8mb4 COLLATE utf8mb4_unicode_ci NOT NULL,
  `COD_CLASS` varchar(2) CHARACTER SET utf8mb4 COLLATE utf8mb4_unicode_ci NOT NULL,
  PRIMARY KEY (`id`),
  KEY `Cadre_MAT_PERS_idx` (`MAT_PERS`)
) ENGINE=InnoDB AUTO_INCREMENT=604 DEFAULT CHARSET=utf8mb3;

-- Dumping data for table suivi_cc_dev.cadre: ~603 rows (approximately)
INSERT INTO `cadre` (`id`, `MAT_PERS`, `NOM_PERS`, `NOM_PERS_A`, `COD_CLASS`) VALUES
	(1, '079514', 'قيس خنشوش', 'ELKHANCHOUCH KAIS', '5'),
	(2, '079516', 'نوال عامر', 'AMEUR NAWEL', '5'),
	(3, '079525', 'نجيب عيساوي', 'NEJIB ISSAOUI', '5'),
	(4, '095347', 'محمد عبدالواحد', 'MOHAMED ABDELWAHED', '6'),
	(5, '095348', 'سامي بالهوشات', 'BELHOUCHET SAMI', '6'),
	(6, '095354', 'سها لعبيدي حرم سعد', 'LABIDI SOUHA', '6'),
	(7, '095356', 'حمادي محمد الجموعي', 'HAMADI MOH JMOUI', '6'),
	(8, '095358', 'عبدالرزاق صويلح', 'SOUILAH ABDERRAZAK', '6'),
	(9, '095360', 'أحمد حامد', 'HAMED AHMED', '6'),
	(10, '095361', 'نبيل طالب', 'TALEB NABIL', '6'),
	(11, '095362', 'مراد السليمي', 'SELLIMI MOURAD', '6'),
	(12, '095363', 'رابعة سعيدانة', 'SAIDANA RABAA', '6'),
	(13, '095364', 'شيراز جمل', 'JMEL CHIRAZ', '6'),
	(14, '095365', 'أحمد بن حليمة', 'BEN HALIMA AHMED', '6'),
	(15, '095368', 'فوزي حمدي', 'HAMDI FAOUZI', '6'),
	(16, '095369', 'عادل شوية', 'CHOUYA ADEL', '6'),
	(17, '095370', 'خالد ابراهمي', 'BRAHMI KHALED', '6'),
	(18, '095372', 'عبدالرزاق الصباغ', 'SABBAGH ABDERRAZAK', '6'),
	(19, '095373', 'شرف الدين بن يحي', 'CHARFEDIN BN YAHYA', '6'),
	(20, '095876', 'سعيد حاجي', 'HAJJI SAID', '6'),
	(21, '095889', 'عبدالقادر الحضري', 'ELHADHRI ABDELAKDER', '6'),
	(22, '095910', 'سهيل بدوي', 'ELBEDOUI SOUHAIL', '6'),
	(23, '095915', 'عادل الطرودي', 'TROUDI ADEL', '6'),
	(24, '095917', 'لطفي حمادي', 'HAMMADI LOTFI', '6'),
	(25, '095919', 'علي شادو', 'CHADOUI ALI', '6'),
	(26, '095925', 'حافظ الشريف', 'CHERIF HAFEDH', '6'),
	(27, '095928', 'صلاح الدين ديناري', 'DINARI SLAHEDDINE', '6'),
	(28, '095944', 'محمد حليم', 'HLAIEM MOHAMED', '6'),
	(29, '095947', 'سعيدة قاسم', 'GACEM SAIDA', '6'),
	(30, '095948', 'موفّق بوترعة', 'BOUTERAA MOUAFEK', '6'),
	(31, '095951', 'فتحي السود', 'ESSOUD FETHI', '6'),
	(32, '095953', 'علي السهيلي', 'SHELI ALI', '6'),
	(33, '095955', 'نزيهة رواشد', 'ROUACHED NAZIHA', '6'),
	(34, '095957', 'علي مصباح', 'MOSBAH ALI', '6'),
	(35, '095958', 'مصباح رحال', 'MOSBAH RAHAL', '6'),
	(36, '095960', 'عبدالجليل عمايدي', 'AMAIDI ABDELJELIL', '6'),
	(37, '095966', 'محمود غلالة', 'GHLALA MAHMOUD', '6'),
	(38, '095969', 'منيرة مبروكي', 'MABROUKI MOUNIRA', '6'),
	(39, '095970', 'حمدي هلالي', 'HAMDI HELALI', '6'),
	(40, '095974', 'فرحات السحيمي', 'SHEMI FARHAT', '6'),
	(41, '100179', 'طارق الراشدي', 'RACHDI TAREK', '5'),
	(42, '100185', 'علي جديدي', 'JEDIDI ALI', '5'),
	(43, '100210', 'حبيب صمودي', 'SAMOUDI HBIB', '5'),
	(44, '100214', 'حافظ شرطاني', 'CHORTANI HAFEDH', '5'),
	(45, '100216', 'محمد براهمي', 'BRAHMI MOHAMED', '5'),
	(46, '100219', 'ناجية بن يونس', 'BEN YOUNES NEJIA', '5'),
	(47, '100220', 'مبروكة بريك', 'BRAIEK MABROUKA', '5'),
	(48, '100221', 'لطفي سعيدي', 'SAIDI LOTFI', '5'),
	(49, '100222', 'مريم النوي', 'MIRIEM ENNAOUI', '5'),
	(50, '100223', 'عاشور منصري', 'MNASSRI ACHOUR', '5'),
	(51, '100224', 'شاكر مبروك', 'MABROUK CHAKER', '5'),
	(52, '100225', 'لبنى عكرمي', 'AKERMI LOBNA', '5'),
	(53, '100226', 'رافع تليجاني', 'TLIJANI RAFAA', '5'),
	(54, '100227', 'نبيل سعيدي', 'SAIDI NABIL', '5'),
	(55, '100228', 'علي شعباني', 'ALI CHAABANI', '5'),
	(56, '100229', 'سمير عزازة', 'AZAZA SAMIR', '5'),
	(57, '100230', 'فاطمة عمار', 'AMMAR FATMA', '5'),
	(58, '100231', 'فضيلة بولعراس', 'BOULAARES FADHILA', '5'),
	(59, '100232', 'ياسين مبروك', 'MABROUK YASSINE', '5'),
	(60, '100233', 'عفاف الأشخم', 'LACHKHEM AFEF', '5'),
	(61, '100235', 'خيرة مبروكي', 'MABROUKI KHIRA', '5'),
	(62, '100248', 'عماد مبارك', 'MBAREK IMED', '5'),
	(63, '100256', 'جلال بن عبدالمجيد دبوسي', 'DABBOUCI JALEL ABDELMAJID', '5'),
	(64, '100258', 'فطوم بنت محمد التومي', 'ETTOUMI FATTOUM BT MOHAMD', '5'),
	(65, '100259', 'زهرة بنت بوعلي بن سالم', 'BEN SALEM ZOHRA BT BOUALI', '5'),
	(66, '100261', 'يوسف بن محمد نجمة', 'NEJMA YOUSSEF B MOHAMED', '5'),
	(67, '100266', 'شادية مال', 'MEL CHADIA', '5'),
	(68, '100287', 'صابر علياوي', 'ALYAOUI SABER', '5'),
	(69, '100288', 'كمال حسني', 'HASNI KAMEL', '5'),
	(70, '100321', 'أنور بنعبدالله', 'BEN ABDALLAH ANOUER', '5'),
	(71, '100325', 'حنان عثمان', 'HANEN OTHMAN', '5'),
	(72, '100326', 'سمير تليجاني', 'SAMIR TLIJANI', '5'),
	(73, '100327', 'خالد رقايعية', 'KHALED RGAIYA', '5'),
	(74, '100328', 'آسيا الزنيدي', 'EZNIDI ASSIA', '5'),
	(75, '100330', 'أمين بوعوني', 'AMIN BOUONI', '5'),
	(76, '100331', 'إيمان زيني', 'IMEN ZINI', '5'),
	(77, '100332', 'سعيد أفضال', 'SAIID AFDHAL', '5'),
	(78, '100333', 'الأمين سعيدي', 'SAIDI ELAMINE', '5'),
	(79, '100334', 'إيمان بويحي', 'IMEN BOUYAHIA', '5'),
	(80, '100335', 'التومي عيساوي', 'ETTOMI ISSAOUI', '5'),
	(81, '100336', 'عاطف سواري', 'SOUARI ATEF', '5'),
	(82, '100349', 'شهيبة أوذيني', 'CHEHIBA OUDHINI', '5'),
	(83, '100355', 'جاسم بنعبدالله', 'JASSEM BEN ABDALLAH', '5'),
	(84, '100362', 'محمد أيمن الناصر', 'MOHAMED AIMEN NACER', '5'),
	(85, '100370', 'دلندة سوسي', 'DALENDA SOUSSI', '5'),
	(86, '100378', 'محمد عيساوي', 'MOHD ISSAOUI', '5'),
	(87, '100379', 'إيمان مرزوقي', 'IMEN MARZOUGUI', '5'),
	(88, '100380', 'بشير ذوادي', 'BACHIR DHAWDI', '5'),
	(89, '100381', 'علي مسعي', 'ALI MESII', '5'),
	(90, '100382', 'سلمى سعيدان', 'SELMA SIIDEN', '5'),
	(91, '100383', 'سمراء عثموني', 'SAMRA ATHMOUNI', '5'),
	(92, '100384', 'سامح سليم', 'SAMEH SLIM', '5'),
	(93, '100386', 'علاء الدين مسعي', 'ALAEDINE MEESEY', '5'),
	(94, '100391', 'راقية زعراوي', 'RAKIA ZAARAOUI', '5'),
	(95, '100400', 'ثامر قطيف', 'TAMEUR GAITEF', '5'),
	(96, '100420', 'محمد امين فارح', 'MOHD AMINE FAREH', '5'),
	(97, '100421', 'قيس صحبي', 'KAIS SAHBI', '5'),
	(98, '100422', 'علي سامح بن منصور', 'ALI SAMEH B MANSOUR', '5'),
	(99, '100423', 'علجية بنداود', 'ELJIA BENDAWED', '5'),
	(100, '100424', 'محمد كرو', 'MOHAMED KERROU', '5'),
	(101, '100425', 'زياد عباسي', 'ZIED ABASSI', '5'),
	(102, '100427', 'فادي العلوي', 'FADI ALOUI', '5'),
	(103, '100428', 'احمد الصالح صميدة', 'SMEDA AHMED SALAH', '5'),
	(104, '100429', 'مريم غبر', 'MARYEM GHOBBER', '5'),
	(105, '100431', 'رضا حمروني', 'RIDHA HAMROUNI', '5'),
	(106, '100432', 'محمد الطيب البكري', 'MOHD TAYEB ELBEKRI', '5'),
	(107, '100433', 'محمد سعيدي', 'MOHD SAIDI', '5'),
	(108, '100434', 'الياس غانمي', 'ELYES GHANMI', '5'),
	(109, '100435', 'سلمى عماري', 'SALMA AMARI', '5'),
	(110, '100436', 'محمود برهومي', 'MAHMOUD BRAHMI', '5'),
	(111, '100437', 'عبد اللطيف قاسمي', 'ABDELTIF GASMI', '5'),
	(112, '100438', 'تقوى عمارة', 'TAKWA AMARA', '5'),
	(113, '100439', 'محمد علوي', 'MOHD ALOUI', '5'),
	(114, '100440', 'سهام جدايدة', 'SIHEM JDAYDIA', '5'),
	(115, '100441', 'سامي ساعي', 'SAMI SAY', '5'),
	(116, '100442', 'منير عياد', 'MOUNIR AYED', '5'),
	(117, '100443', 'جهاد مقدم', 'JIHED MKADEM', '5'),
	(118, '100444', 'احمد ساعي', 'AHMED SAII', '5'),
	(119, '100445', 'هندة مبروكي', 'HENDA MABROUKI', '5'),
	(120, '100446', 'محمد مصباح', 'MOHD MOSBAH', '5'),
	(121, '100447', 'ياسمين هداوي', 'YASMIN HADAOUI', '5'),
	(122, '100448', 'ولاء برهومي', 'WALA BARHOUMI', '5'),
	(123, '100449', 'ايمان خطيب', 'IMEN KHATIB', '5'),
	(124, '100450', 'سميحة عميرة', 'SAMIHA AMIRA', '5'),
	(125, '100451', 'فاطمة الحامدي', 'FATMA HAMDI', '5'),
	(126, '100452', 'إسماعيل سويسي', 'ISMAIL SWISSI', '5'),
	(127, '100453', 'مريم تويتي', 'MARIEM TWITI', '5'),
	(128, '100454', 'كرامة خصخوصي', 'KARAMA KHASKHOUSSY', '5'),
	(129, '100455', 'انيس العابد', 'ANIS EL ABED', '5'),
	(130, '100456', 'حسان اللزاز', 'HASSEN LAZEZ', '5'),
	(131, '100457', 'فوزي احمدي', 'FAWZI AHMADI', '5'),
	(132, '100458', 'سوسن نصيب', 'SAOUSEN NECIB', '5'),
	(133, '100459', 'سليم ملكي', 'SALIM MALKI', '5'),
	(134, '100460', 'سامي تواتي', 'SAMI TWATI', '5'),
	(135, '100461', 'صابر العرفاوي', 'SABER ARFAWI', '5'),
	(136, '100462', 'غازي حفيظ', 'GHAZI HFAYEDH', '5'),
	(137, '100463', 'ناصف الرحيلي', 'NASEF RHILI', '5'),
	(138, '100464', 'اشرف الصغير', 'ACHREF SGHAYER', '5'),
	(139, '100466', 'أحمد العبادي', 'AHMED EL ABADI', '5'),
	(140, '100467', 'امنة العمدوني', 'AMNA ELAMDOUNI', '5'),
	(141, '100468', 'يوسف القمودي', 'YOUSSEF GAMOUDI', '5'),
	(142, '100469', 'سفيان روابح', 'SOUFIEN RWABEH', '5'),
	(143, '100470', 'الناجح الفرجاني', 'ELNAJEH ELFERJANI', '5'),
	(144, '100471', 'احمد عونلي', 'AHMED OUNLI', '5'),
	(145, '100472', 'نبيل كلغوم', 'NABIL KALGHOUM', '5'),
	(146, '100473', 'مروان صالح بن مبروك', 'MARWEN SALAH', '5'),
	(147, '100474', 'مخلص بنحمد', 'MOKHLES B HAMED', '5'),
	(148, '100475', 'ايمن الحامي', 'AYMEN ELHAMI', '5'),
	(149, '100476', 'عادل بالناصر', 'ADEL BENASER', '5'),
	(150, '100477', 'رمزي كحلول', 'RAMZI KAHLOUL', '5'),
	(151, '100478', 'نافع الصغير', 'NAFAA SGHAYER', '5'),
	(152, '100479', 'غسان رضاونية', 'GHASSEN RDHAOUNIA', '5'),
	(153, '100480', 'بلال الدالي', 'BILEL DALI', '5'),
	(154, '100482', 'عادل بن علي', 'ADEL B ALI', '5'),
	(155, '100483', 'زياد البنزرتي', 'ZIED BENZARTI', '5'),
	(156, '100486', 'عدنان الجمعي', 'ADNEN JEMII', '5'),
	(157, '100487', 'محمد الجواني', 'MOHAMED JAOUANI', '5'),
	(158, '100488', 'مروى صالح', 'MARWA SALAH', '5'),
	(159, '100489', 'بشير المرنيصي', 'BACHIR ELMERNISI', '5'),
	(160, '100490', 'عثمان بن سالم لعبيدي', 'OTHMEN B SALEM LABIDI', '5'),
	(161, '100491', 'عبد الودود بدري', 'ABDEL WADOUD', '5'),
	(162, '100492', 'نسرين بن وغرم', 'NESRINE B WEGHREM', '5'),
	(163, '100526', 'HATEM BN SAID', 'HATEM BN SAID', '5'),
	(164, '101380', 'عاطف بوساحة', 'BOUSSAHA ATEF', '5'),
	(165, '101447', 'سنية سحيمي', 'SONIA SHIMI', '5'),
	(166, '101450', 'وجدي إمامي', 'WAJDI IMAMI', '5'),
	(167, '101465', 'كوثر مبروك', 'MABROUK KAOUTHAR', '5'),
	(168, '101480', 'عبدالغفور جمعي', 'JEMAI ABDELGHAFOUR', '5'),
	(169, '102132', 'عبدالباسط شعباني', 'ABDELBASSET CHAABANI', '5'),
	(170, '102133', 'كمال بن أحمد عيساوي', 'KAMEL B AHMED ISSAOUI', '5'),
	(171, '102208', 'محمد بن ميداني ملكي', 'MOH B MIDANI MELKI', '5'),
	(172, '102209', 'عصام بن بشير حليم', 'ISSAM B BECHIR HLAIM', '5'),
	(173, '102212', 'منير بن محمد أولاد علي', 'MOUNIR B MOH OULED ALI', '5'),
	(174, '102213', 'بوبكر بن محمد الهاشمي جراد', 'BOUBAKER B MOH HECHMI', '5'),
	(175, '102217', 'ميخائيل بن يوسف بوصلاح', 'MIKHAIL B YOUSSEF BOUSLAH', '5'),
	(176, '102219', 'بلقاسم بن لزهر فردي', 'BELGACEM B LAZHAR FERDI', '5'),
	(177, '102230', 'محمد عدوكة', 'MOHAMED ATOUGA', '5'),
	(178, '102234', 'عبدالمنعم فجراوي', 'ABDELMONEEM FAJRAOUI', '5'),
	(179, '102237', 'وليد بوصلاح', 'WALID BOUSLAH', '5'),
	(180, '102241', 'إبراهيم فجراوي', 'BRAHIM FAJRAOUI', '5'),
	(181, '102245', 'عبدالواحد معمري', 'ABDELWAHED MAAMRI', '5'),
	(182, '102246', 'بلال كلثوم', 'KALTHOUM BILEL', '5'),
	(183, '102247', 'سامي كرامتي', 'SAMI KRAMTI', '5'),
	(184, '102259', 'محمد بن علي بن علي جامعي', 'MOHAMED JAAMII', '5'),
	(185, '102267', 'عزالدين بن علي جديدي', 'EZEDINE JDIDI', '5'),
	(186, '102269', 'خميس بن يونس الأسود', 'LASSOUED KHMAIESS B YOUN', '5'),
	(187, '102270', 'زعرة بنت عبد الله عجيلي', 'AGILI ZAARA B ABDALLAH', '5'),
	(188, '102271', 'رحاب بنت أحمد التوهامي ماجدي', 'MAJDI RIHEB B AHD TOUHAM', '5'),
	(189, '102275', 'إسماعيل بن علي بن عمار خليفي', 'KHLIFI ISMAIL B ALI AMMAR', '5'),
	(190, '102280', 'محمد الراقد', 'MOHAMED ERRAGUED', '5'),
	(191, '102281', 'حلمي بن رشيد ماجدي', 'MAJDI HILMI B RACHID', '5'),
	(192, '102406', 'كارم بن عبدالله', 'BEN ABDALLAH KAREM', '5'),
	(193, '102408', 'نزار بن عبد الله هوري', 'HOURI NIZAR ABDALLAH', '5'),
	(194, '102493', 'زهير ميساوي', 'ZOUHAER MISSAOUI', '5'),
	(195, '103811', 'الطيب بن عبدالسلام', 'TAIEB SAAD', '5'),
	(196, '104108', 'الأزهر بن أحمد السعيدي', 'SAIDI LAZHAR B AHMED', '5'),
	(197, '104137', 'محمد الهادي بن محمد برهومي', 'MOHDELHEDI B MAHMOUD', '5'),
	(198, '104351', 'راضية بنعبدالله', 'RADHIA BEN ABDALLAH', '5'),
	(199, '104458', 'فؤاد عيساوي', 'ISSAOUI FOUED', '5'),
	(200, '104459', 'أم السعد مبروكي', 'OUM ESSAD MABROUKI', '5'),
	(201, '104461', 'سامية سوالمية', 'SOUALMIA SAMIA', '5'),
	(202, '104462', 'عياد الزنائدي', 'ZNAIDI AYAD', '5'),
	(203, '104465', 'محمد عيساوي', 'ISSAOUI MOHAMED', '5'),
	(204, '104758', 'محمد الوصيفي', 'ELOUSSAIFI MOHAMED', '5'),
	(205, '104760', 'فاطمة هلال', 'HLEL FATMA', '5'),
	(206, '104762', 'علي عيساوي', 'ISSAOUI ALI', '5'),
	(207, '104763', 'نايلة خميلة', 'KHMILA NEYLA', '5'),
	(208, '104772', 'نبيل عباس', 'ABBES NABIL', '5'),
	(209, '104783', 'محسن أحمدي', 'AHMDI MOHSEN', '5'),
	(210, '104784', 'خليفة سعيدي', 'SAIDI KHALIFA', '5'),
	(211, '104786', 'حكيم شدايدة', 'CHDEIDA HAKIME', '5'),
	(212, '104787', 'سامي برهومي', 'BARHOUMI SAMI', '5'),
	(213, '104792', 'ربيع أفضال', 'AFDHAL RABII', '5'),
	(214, '104810', 'زهير ناصري', 'NASRI ZOUHAIER', '5'),
	(215, '104845', 'رشاد حسني', 'HASNI RACHED', '5'),
	(216, '104847', 'عبدالعزيز يعقوبي', 'YAAKOUBI ABDELAZIZ', '5'),
	(217, '104849', 'بشير طرش', 'TORCH BECHIR', '5'),
	(218, '104851', 'نجيب بن يونس', 'BEN YOUNES NEJIB', '5'),
	(219, '104883', 'كمال أفضال', 'KAMEL AFDHAL', '5'),
	(220, '104884', 'محمد بن يونس', 'BEN YOUNES MOHAMED', '5'),
	(221, '105143', 'عادل روابح', 'ADEL ROUABEH', '5'),
	(222, '105146', 'صبري هنشيري', 'SABRI HENCHIRI', '5'),
	(223, '105148', 'عبدالسلام روابح', 'ABDESSALEM ROUABEH', '5'),
	(224, '105149', 'عبدالخالق شكري', 'CHOKRI ABDELKHALEK', '5'),
	(225, '105352', 'رمزي فريضي', 'RAMZI FRIDHI', '5'),
	(226, '105515', 'جعفر عكرمي', 'AKERMI JAAFER', '5'),
	(227, '105518', 'AKREMI SLAHEDDINE', 'AKREMI SLAHEDDINE', '5'),
	(228, '105529', 'برار حمادي', 'HAMADI BIRAR', '5'),
	(229, '105531', 'فيصل مبروك', 'MABROUK FAYCAL', '5'),
	(230, '105534', 'كمال نجماوي', 'NEJMAOUI KAMEL', '5'),
	(231, '105539', 'حافظ بن عمر', 'BEN AMOR HAFEDH', '5'),
	(232, '105541', 'أمين دلالي', 'DALLALI AMINE', '5'),
	(233, '105545', 'محمد الخامس غريسي', 'GRISSI MOHAMED KHAME', '5'),
	(234, '105548', 'فادية منصر', 'MNASSER FADYA', '5'),
	(235, '105585', 'كريم وهيبي', 'OUHIBI  KARIM', '5'),
	(236, '105593', 'سليم جمال', 'SLIM JAMEL', '5'),
	(237, '105597', 'نجيب زمال', 'ZAMEL NEJIB', '5'),
	(238, '105600', 'منير يحياوي', 'YAHYAOUI MOUNIR', '5'),
	(239, '105601', 'عماد التريكي', 'TRIKI IMED', '5'),
	(240, '105602', 'وليد بالضياف', 'BEDYEF WALID', '5'),
	(241, '105608', 'أكرم مقدمي', 'MGADMI AKREM', '5'),
	(242, '105642', 'سامح عبد النبي', 'ABDENABI SAMEH', '5'),
	(243, '105856', 'معز قوادر', 'MOUEZ GOUADER', '5'),
	(244, '105931', 'خولة علي عكرمي', 'AKERMI KHAOULA ALI', '5'),
	(245, '105953', 'سمير طرادي', 'TRADI SAMIR', '5'),
	(246, '105957', 'سفيان هنشيري', 'HENCHIRI SOUFIENE', '5'),
	(247, '105960', 'سليم زواري', 'ZOUARI SALIM', '5'),
	(248, '105961', 'عبدالله دلالي', 'DALLALI ABDALLAH', '5'),
	(249, '105980', 'طلال رمضاني', 'RAMDHANI TALEL', '5'),
	(250, '106109', 'فريد بن صالح بن محمد', 'FERID B SALAH B MOHD', '5'),
	(251, '106307', 'محمد يزيدي', 'MOHAMED ELYAZIDI', '5'),
	(252, '107002', 'يحي بن رمضان لكحل', 'YAHYA B RAMDHAN LAKHAL', '5'),
	(253, '107018', 'أيمن عمار معمري', 'AYMEN AMAR MAAMRI', '5'),
	(254, '107019', 'عبدالمؤمن هوشاتي', 'ABDELMOOMEN HOUCHATI', '5'),
	(255, '107020', 'طه بوبكر فجراوي', 'TAHA BOUBAKER FAJRAOUI', '5'),
	(256, '107024', 'باسط التركي كدوسي', 'BASSAT TURKI KADOUSSI', '5'),
	(257, '107028', 'قيس عبدالجواد جوادي', 'KAYS ABDEJAWED JAWADI', '5'),
	(258, '108149', 'سالم العبيدي', 'SALEM ELABIDI', '5'),
	(259, '108153', 'شوقي بن محمود علبوشي', 'CHAOUKI MAHMOUD ALBOUCHI', '5'),
	(260, '108155', 'عامر بن يوسف شباب', 'AMEUR B YOUSSEF CHABEB', '5'),
	(261, '108159', 'عاطف بن محمد الطاهر بنعمر', 'ATEF B MOHD TAHER B AMOR', '5'),
	(262, '108164', 'عصام مرزوقي', 'ISSAM MARZOUGUUI', '5'),
	(263, '108165', 'سفيان بنعبد الله', 'SOUFIENE B BRA B ABDALLAH', '5'),
	(264, '108168', 'الهادي فجراوي', 'ELHEDI B MOH TAH FAJRAOUI', '5'),
	(265, '108170', 'زبير بن محمد بنسلطان', 'ZOUBAEIR B MOHD B SOLTAN', '5'),
	(266, '108171', 'سامي بن مختار حسناوي', 'SAMI B MOKTAR HASNAOUI', '5'),
	(267, '108176', 'رؤوف بن بوبكر بوعوني', 'RAOUF B BOUBAKER BOUONI', '5'),
	(268, '108181', 'محمد بن محمدبن بلقاسم', 'MOHAMED B MHD B BELGACEM', '5'),
	(269, '108189', 'محمد بن فرحات فرحات', 'MOHAMED B FARHAT FARHAT', '5'),
	(270, '108191', 'محمد بن يوسف طبابي', 'MOHAMD B YOUSSEF TABABI', '5'),
	(271, '108194', 'جهاد بن مسعود بن أحمد', 'JIHAD B MESSAOUD B AHMED', '5'),
	(272, '108229', 'الهادي بن أحمد الصالح طبابي', 'ELHADI BN AHMD SLH TABABI', '5'),
	(273, '108250', 'محمد بن عبدالحفيظ طبابي', 'MOHD BN ABDELHAFDH TABABI', '5'),
	(274, '195001', 'فؤاد الزقاري', 'ZOUGARI FOUED', '6'),
	(275, '195003', 'محمد الطبابي', 'TABABI MOHAMED', '6'),
	(276, '195004', 'كمال عيساوي', 'ISSAOUI KAMEL', '6'),
	(277, '195005', 'عبد الملك رزايقية', 'ABDELMLAK RZAYGIYA', '6'),
	(278, '195007', 'كوثر قاسمي', 'GUASMI KAOUTHAR', '6'),
	(279, '195008', 'خولة الدالي', 'DALY KHAOULA BT BELGACEM', '6'),
	(280, '195009', 'توفيق هلالي', 'HILALI TAOUFIK', '6'),
	(281, '195010', 'شهلة عزازة', 'AZAZA CHAHLA', '6'),
	(282, '195011', 'عبد الحفيظ مبروكي', 'MABROUKI ABDELHAFIDH', '6'),
	(283, '195012', 'محمد الفاضل زيد', 'ZID MOHAMED FADHEL', '6'),
	(284, '195013', 'صالح حراثي', 'HARRATHI SALAH', '6'),
	(285, '195014', 'عبد القادر عميدي', 'ABDELKADER AMAYED', '6'),
	(286, '195015', 'بسمة عيساوي', 'ISSAOUI BASMA', '6'),
	(287, '195017', 'رشدي براني', 'BARRANI ROCHDI', '6'),
	(288, '195019', 'عبد الله السحيمي', 'SEHIMI ABDALLAH', '6'),
	(289, '195021', 'علي هوشاتي', 'HOUCHATI ALI', '6'),
	(290, '195022', 'هشام ابراهمي', 'HICHEM BRAHMI', '6'),
	(291, '195023', 'هشام همامي', 'HAMMAMI HICHEM', '6'),
	(292, '195024', 'فتحي ماجدي', 'MEJDI FETHI', '6'),
	(293, '195025', 'محمد ديناري', 'DINARI MOHAMED', '6'),
	(294, '195026', 'هشام مسعي', 'MESSAI HICHEM', '6'),
	(295, '195027', 'عثمان عباسي', 'ABBASSI OTHMAN', '6'),
	(296, '195028', 'ابراهيم فجراوي', 'FAJRAOUI BRAHIM', '6'),
	(297, '195029', 'الأمين رحالي', 'RAHALI LAMINE', '6'),
	(298, '195031', 'محمد عمايمية', 'AMAIMIA MOHAMED', '6'),
	(299, '195032', 'سمير بريكي', 'BRIKI SAMIR', '6'),
	(300, '195033', 'سعيدة نصر', 'NASR SAIDA', '6'),
	(301, '195034', 'زهير الجمعي', 'JEMAI ZOUHAIER', '6'),
	(302, '195035', 'النافع جدلاوي', 'JADLAOUI ENNAFAA', '6'),
	(303, '195045', 'نور الدين شكري', 'CHOKRI NOUREDDINE', '6'),
	(304, '195054', 'فرحان العبيدي', 'FARIHAN LAABIDI', '6'),
	(305, '195056', 'خديجة عنة', 'ANNA KHADIJA', '6'),
	(306, '195057', 'وريدة خالدي', 'KHALDI OURIDA', '6'),
	(307, '195058', 'مليكة بوحاشي', 'BOUHACHI MALIKA', '6'),
	(308, '195059', 'محسن مسعي', 'MESSAI MOHSEN', '6'),
	(309, '195060', 'سيف الدين مسعي', 'MESSAI SAIFEDDINE', '6'),
	(310, '195061', 'الأسعد حمي', 'HEMMI LASSAD', '6'),
	(311, '195062', 'محمد دبوبي', 'MOHAMED DABOUBI', '6'),
	(312, '195063', 'حسن لعماري', 'LAAMARI HASSEN', '6'),
	(313, '195064', 'نور الدين بلقاسم', 'NOUREDDINE BELGACEM', '6'),
	(314, '195066', 'جلال تبـاسي', 'TABBASSI JALLEL', '6'),
	(315, '195067', 'صالح عثماني', 'SALAH OTHMANI', '6'),
	(316, '195068', 'هيام بخايرية', 'BKHAIRIA HOUYEM', '6'),
	(317, '195069', 'عماد أحمد الزواري', 'IMED AHMED ZOUARI', '6'),
	(318, '195070', 'كيلاني شعباني', 'KILANI CHAABANI', '6'),
	(319, '195072', 'علي عيساوي', 'ISSAOUI ALI', '6'),
	(320, '195073', 'لطفي جمال', 'LOTFI JAMEL', '6'),
	(321, '195074', 'الهادي فجراوي', 'ELHEDI FAJRAOUI', '6'),
	(322, '195076', 'ليلي عباسي', 'ABBASSI LEILA', '6'),
	(323, '195077', 'محمد نعمان منسية', 'MENSIA MED NOOMAN', '6'),
	(324, '195079', 'هيكل الواعر', 'ELWAER HAYKEL', '6'),
	(325, '195080', 'عيسى عثمـاني', 'OTHMANI ISSA', '6'),
	(326, '195081', 'محرز دبابي', 'DABBABI MEHREZ', '6'),
	(327, '195082', 'مراد عكاشة', 'AKACHA MOURAD', '6'),
	(328, '195084', 'عبد الستار عباسي', 'ABDESATTAR ABBASSI', '6'),
	(329, '195085', 'هندة عزازة', 'AZZAZA HENDA', '6'),
	(330, '195087', 'خالد براهمي', 'KHALED IBRAHMI', '6'),
	(331, '195088', 'منى عليمي', 'ALIMI MOUNA', '6'),
	(332, '195089', 'سنية بوزيان', 'SONIA BOUZAIENE', '6'),
	(333, '195093', 'محمود عيساوي', 'ISSAOUI MAHMOUD', '6'),
	(334, '195094', 'كريم بن العروسي زرقوني', 'ZARGOUNI KARIM', '6'),
	(335, '195095', 'رمزي عليمي', 'ALIMI RAMZI', '6'),
	(336, '195096', 'عبد القادر برهومي', 'BARHOUMI ABDELKADER', '6'),
	(337, '195097', 'منور صدراوي', 'SADRAOUI MOUNAOUER', '6'),
	(338, '195098', 'آسيا بوكردوغة', 'BOUKARDOUGHA ASSIA', '6'),
	(339, '195099', 'عفاف صغــراوي', 'SAGHRAOUI AFEF', '6'),
	(340, '195100', 'محمد جلولي', 'JALLOULI MOHAMED', '6'),
	(341, '195102', 'نصرالدين روابح', 'ROUABEH NASSREDDINE', '6'),
	(342, '195103', 'فتحي مرزوقي', 'MARZOUGUI FETHI', '6'),
	(343, '195104', 'محمد حامدي', 'MOHAMED HAMDI', '6'),
	(344, '195105', 'مبروك فجراوي', 'FAJRAOUI MABROUK', '6'),
	(345, '195106', 'عبدالحليم بن نصيب', 'ABDELHALIM BEN NCIB', '6'),
	(346, '195107', 'كريم كحيلة', 'KHILA KARIM', '6'),
	(347, '195108', 'عادل شعبان', 'CHAABANE ADEL', '6'),
	(348, '195110', 'محمد بن العيد بن عمار جلولي', 'MED B LAID B AMAR JALOULI', '6'),
	(349, '195136', 'حاتم علياني', 'ALIANI HATEM', '6'),
	(350, '195137', 'سميّة حيدوري', 'HIDOURI SOUMAYA', '6'),
	(351, '195139', 'عبدالسلام بدري', 'BADRI ABDESSALEM', '6'),
	(352, '195145', 'أحمد قاسمي', 'AHMED GUASMI', '6'),
	(353, '195146', 'بشير صماري', 'BECHIR SMARI', '6'),
	(354, '195147', 'ضحى عبيدي', 'ABIDI DHOUHA', '6'),
	(355, '195148', 'الأمجد بن عامر', 'LAMJED BEN AMEUR', '6'),
	(356, '195149', 'مكرم عليمي', 'ALIMI MAKRAM', '6'),
	(357, '195150', 'وائل حميدي', 'WAEL HMIDI', '6'),
	(358, '195151', 'بلقاسم مرزوقي', 'BELGACEM MARZOUGUI', '6'),
	(359, '195152', 'سفيان الحمزي', 'SOUFIEN EL HAMZI', '6'),
	(360, '195153', 'أميرة حمرشة', 'AMIRA  HAMOUCHA', '6'),
	(361, '195154', 'رشيد الحداد', 'RACHID ELHADDAD', '6'),
	(362, '195155', 'بلقاسم شعباني', 'CHABAANI BELGACEM', '6'),
	(363, '195156', 'زينة نصوبي', 'ZINA NASOUBI', '6'),
	(364, '195157', 'نوارة الأخنش', 'NOUWARA LAKHNECH', '6'),
	(365, '195158', 'لطفي قرباية', 'LOTFI GARBAYA', '6'),
	(366, '195159', 'محمد ذويبي', 'MOHAMED DHOUIBI', '6'),
	(367, '195160', 'جمال تليلي', 'JEMEL TLILI', '6'),
	(368, '195161', 'الأنور خليل', 'ELANOUAR KHELIL', '6'),
	(369, '195162', 'محمد عليمي', 'MOHAMED ALIMI', '6'),
	(370, '195163', 'أحمد الطبابي', 'AHMED TABABI', '6'),
	(371, '195164', 'صالـح مرزوقي', 'SALAH MARZOUGUI', '6'),
	(372, '195165', 'نورالدين ذوادي', 'NOUREDDINE DHAOUADI', '6'),
	(373, '195166', 'الزين جديدي', 'EZZIN JDIDI', '6'),
	(374, '195167', 'نورالدين عباسي', 'NOUREDDINE ABASSI', '6'),
	(375, '195168', 'محمد برهومي', 'MOHAMED BARHOUMI', '6'),
	(376, '195169', 'كمال بن علي عيساوي', 'KAMEL B ALI ISSAOUI', '6'),
	(377, '195170', 'مصطفى بن عبدالجليل نبيلي', 'NBILI MUSTAPHA B ABDJELIL', '6'),
	(378, '195171', 'فيصل سعيدي', 'FAICEL SAIDI', '6'),
	(379, '195172', 'محمد السدس', 'MOHD LASWED SDOUS', '6'),
	(380, '195174', 'سمية عبيدي', 'SOUMAYA LAABIDI', '6'),
	(381, '195175', 'محمد الأمجد نصيري', 'MOHAMED LAMJED NSSIRI', '6'),
	(382, '195176', 'عصام بالناصر', 'ISSAM BENACEUR', '6'),
	(383, '195178', 'مصطفى عميدي', 'MUSTAPHA AMAYDI', '6'),
	(384, '195181', 'زكريا العلوي', 'ALOUI ZAKARIA', '6'),
	(385, '195182', 'صابر عيساوي', 'ISSAOUI SABER', '6'),
	(386, '195183', 'علي رحال', 'RAHAL ALI', '6'),
	(387, '195184', 'محمد الهادي قرباوي', 'MOHD ELHADI GARBAOUI', '6'),
	(388, '195185', 'تميم نصيب', 'TAMIM NACIB', '6'),
	(389, '195186', 'كمال الزياني', 'ZAYANI KAMEL', '6'),
	(390, '195218', 'علي خليفي', 'KHLAIFI ALI', '6'),
	(391, '195219', 'فيصل طبابي', 'FAYCAL TABBABI', '6'),
	(392, '195220', 'زمردة سحيمي', 'SHIMI ZMORDA', '6'),
	(393, '195221', 'عبد اللطيف الغزال', 'ELGHAZEL ABDELLATIF ALI', '6'),
	(394, '195222', 'سهام حاجي', 'HAJJI SIHEM', '6'),
	(395, '195223', 'عباس عيساوي', 'ISSAOUI ABBES', '6'),
	(396, '195225', 'نادية الشريف', 'CHERIF NADIA', '6'),
	(397, '195226', 'محمد مرزوقي', 'MOHAMED MARZOUGUI', '6'),
	(398, '195227', 'فرح عيساوي', 'ISSAOUI FAREH', '6'),
	(399, '195229', 'المولدي عمايمية', 'ELMOULDI AMAIMIA', '6'),
	(400, '195231', 'عبد الله برهومي', 'BARHOUMI ABDALLAH', '6'),
	(401, '195232', 'سفيان ضوائضة', 'SOFIENE DHWAIDHIA', '6'),
	(402, '195233', 'طارق السمعلي', 'TAREK SMAALI', '6'),
	(403, '195234', 'زهرة عكرمي', 'ZAHRA AKERMI', '6'),
	(404, '195235', 'حنان عبيدي', 'ABIDI HANEN', '6'),
	(405, '195240', 'علي بلقاسم', 'ALI BELGACEM', '6'),
	(406, '195241', 'حنان عباسي', 'ABBASSI HANEN', '6'),
	(407, '195242', 'رجاء بن عمر', 'BEN AMOR RAJA', '6'),
	(408, '195243', 'امنة بومنجل', 'BOUMENJEL EMNA', '6'),
	(409, '195244', 'لسعد قواسمية', 'LASEED GWASMIYA', '6'),
	(410, '195245', 'ليلى بنت إبراهيم طبابي', 'LAILA BT BRAHIM TABABI', '6'),
	(411, '195246', 'أمال سعيدي', 'SAIDI AMEL', '6'),
	(412, '195247', 'أحمد بن عمار كلثوم', 'AHMED B AMAR KALTHOUM', '6'),
	(413, '195248', 'هادية عماري', 'AMARI HEDIA', '6'),
	(414, '195249', 'عادل بن محمد بلطيف', 'ADEL B MOHD BELTAIEF', '6'),
	(415, '195250', 'بشير بن محمد صدوق', 'BECHIR B MOHD SADDOUK', '6'),
	(416, '195251', 'رمزي عزازة', 'AZAZA RAMZI', '6'),
	(417, '195252', 'جيهان عيساوي', 'ISSAOUI JIHENE', '6'),
	(418, '195253', 'ماهر بن عمار عكوري', 'AKKOURI MAHER B AMAR', '6'),
	(419, '195254', 'لطفي بنسالم', 'BENSALEM LOTFI', '6'),
	(420, '195255', 'سعيد بن محمد حليم', 'HLAIEM SAID B MED MILOUD', '6'),
	(421, '195256', 'الطاهر بن بشير بلخيري', 'TAHAR B BECHIR BELKHIRI', '6'),
	(422, '195257', 'عمار بن عباس', 'AMMAR BEN ABBES', '6'),
	(423, '195258', 'هيثم مقدمي', 'MGADMI HAIETHEM', '6'),
	(424, '195259', 'بلال مبارك', 'BILEL MBAREK', '6'),
	(425, '195261', 'نورز فاخت خدومة', 'FAKHET NAWREZ KHADDOUMA', '6'),
	(426, '195263', 'طارق براهمي', 'BRAHMI TAREK', '6'),
	(427, '195265', 'عبد الرزاق رزقي', 'REZGUI ABDERRAZAK', '6'),
	(428, '195269', 'محمد سعيدي', 'SAIDI MOHAMED', '6'),
	(429, '195272', 'كمال ذياب', 'DHIAB KAMEL', '6'),
	(430, '195273', 'نجيب براهمي', 'BRAHMI NAJIB', '6'),
	(431, '195274', 'خميس تباسي', 'TABBASSI KHMAIES', '6'),
	(432, '195275', 'نجوى عزازة', 'AZAZI NAJOUA', '6'),
	(433, '195276', 'لطفي بوعوني', 'BOUONI LOTFI', '6'),
	(434, '195277', 'عبد الجليل بلخيري', 'BELKHIRI ABDELJELIL', '6'),
	(435, '195278', 'عبد الرزاق عز الديني', 'ABDERAZAK EZEDINI', '6'),
	(436, '195279', 'محمد السعيدي', 'SAIDI MOHAMED', '6'),
	(437, '195280', 'عبد الرحمان مبروكي', 'MABROUKI ABDERRAHMAN', '6'),
	(438, '195282', 'محمد براني', 'MOHAMED BARRANI', '6'),
	(439, '195285', 'محمد فجراوي', 'FAJRAOUI MOHAMED', '6'),
	(440, '195288', 'منجي عمايدية', 'MONGI AIMAYDIA', '6'),
	(441, '195289', 'رضا بوعوني', 'BOUAOUNI RIDHA', '6'),
	(442, '195290', 'علي سحيمي', 'SHIMI ALI', '6'),
	(443, '195293', 'هندة ظاهري', 'DHAHRI HENDA', '6'),
	(444, '195294', 'فيصل فجراوي', 'FAYCEL FAJRAOUI', '6'),
	(445, '195295', 'علي إبراهيم مبروكي', 'MABROUKI ALI BRAHIM', '6'),
	(446, '195299', 'دلال بويحي', 'BOUYAHI DALEL', '6'),
	(447, '195300', 'منتصر مسعاوي', 'MONTASSAR MESSAAOUI', '6'),
	(448, '195301', 'عبد السلام الكامل', 'ABDESSALEM ELKAMEL', '6'),
	(449, '195302', 'خلود رحالي', 'RAHALY KHOULOUD', '6'),
	(450, '195303', 'باسم الجراية', 'BASSEM EJARAYA', '6'),
	(451, '195304', 'وليد بخوش', 'WALID BAKHOUCH', '6'),
	(452, '195305', 'علاء الدين برهومي', 'ALAEDDINE BARHOUMI', '6'),
	(453, '195306', 'موسى بسدوري', 'MOUSSA BESDOURI', '6'),
	(454, '195307', 'كرامة الرديسي', 'KARAMA REDISSI', '6'),
	(455, '195308', 'انصاف بنصيب', 'INSAF BENSSIB', '6'),
	(456, '195309', 'محمد بلحاج', 'MED BELHAJ', '6'),
	(457, '195310', 'انيس زرقاطي', 'ANIS ZORGATI', '6'),
	(458, '195311', 'عمر كرابع', 'AMOR KRABAA', '6'),
	(459, '195313', 'وئام القطاري', 'WIEM ELGTARI', '6'),
	(460, '195314', 'حليمة بنرابح', 'HALIMA BN RABEH', '6'),
	(461, '195315', 'نظمي خضر', 'NADHMI KHEDHER', '6'),
	(462, '195316', 'الهادي السلامي', 'SELLAMI HEDI', '6'),
	(463, '195317', 'منير توزري', 'MOUNIR TOUZRI', '6'),
	(464, '195318', 'حمزة خالدي', 'HAMZA KHALDI', '6'),
	(465, '195320', 'صالح مبروكي', 'SALAH MABROUKI', '6'),
	(466, '195321', 'عبد الرزاق قدري', 'ABDERAZAK GEDRI', '6'),
	(467, '195322', 'محمد بنصالحة', 'MOHD B SALHA', '6'),
	(468, '195324', 'محمد موسى', 'MOHAMED MOUSSA', '6'),
	(469, '195325', 'انس مغران', 'ANAS MOGHRAN', '6'),
	(470, '195326', 'وسيم قاسمي', 'WASSIM GASMI', '6'),
	(471, '195328', 'عبد الرحمان سعد', 'ABDERAHMAN SAAD', '6'),
	(472, '195329', 'فاطمة بوبكري', 'FATMA BOUBAKRI', '6'),
	(473, '195330', 'زهرة الضاوي', 'DHAOUI ZAHRA', '6'),
	(474, '195331', 'معاذ بنمومن', 'MOUADH BEN MOUMEN', '6'),
	(475, '195332', 'عبد الوهاب صخراوي', 'ABDELWAHEB SAKHRAOUI', '6'),
	(476, '195333', 'هالة مبروكي', 'HALA MABROUKI', '6'),
	(477, '195334', 'حاتم الماجري', 'HATEM ELMEJRI', '6'),
	(478, '195335', 'منذر هنشيري', 'MONDHER HENCHIRI', '6'),
	(479, '195336', 'إيناس التليلي', 'INES TLTLI', '6'),
	(480, '195337', 'سنية الماجدي', 'SONIA MAJDI', '6'),
	(481, '195338', 'محمد اشرف بنور', 'MOHD ACHREF BENNOUR', '6'),
	(482, '195339', 'رياض بنعلي', 'RIADH BN ALI', '6'),
	(483, '195340', 'شكري الصمادحي', 'CHOKRI ESSMADHI', '6'),
	(484, '195341', 'عادل حاجي', 'ADEL HAJJI', '6'),
	(485, '195342', 'وليد سلطاني', 'WALID SOLTANI', '6'),
	(486, '195344', 'منذر الباهي', 'MONDHR ELBEHI', '6'),
	(487, '195346', 'الطاهر الطيب', 'ETTAHER ETAIEB', '6'),
	(488, '195347', 'ابو القاسم فطوم', 'ABOU ELKACEM FATTOUM', '6'),
	(489, '195348', 'عثمان خرفاني', 'OTHMEN KHERFANI', '6'),
	(490, '195349', 'اسلام صالح', 'ISSLAM  SALAH', '6'),
	(491, '195350', 'الهادي خميلي', 'ELHEDI KHMILI', '6'),
	(492, '195351', 'هيفاء العويني', 'AOUINI HAIFA', '6'),
	(493, '195353', 'فاتن هنشيري', 'FATEN HENCHIRI', '6'),
	(494, '195354', 'وسيم الاخضر', 'WASSIM LAKHDAR', '6'),
	(495, '195355', 'ريم مناصري', 'RIM MNASRI', '6'),
	(496, '195356', 'محمد الفاتح عرابي', 'MED ELFATEH ARABI', '6'),
	(497, '195357', 'السبتي نقريني', 'NEGRINI SEBTI', '6'),
	(498, '195358', 'ريم وناسي', 'RIM OUANNASSI', '6'),
	(499, '195359', 'بثينة الشتيوي', 'BOUTHAYNA CHTEWI', '6'),
	(500, '195360', 'سهام بن حليمة', 'SIHEM B HLIMA', '6'),
	(501, '195361', 'عبد القادر الخميسي', 'ABDELKADER LEKHMISSI', '6'),
	(502, '195362', 'امين البكري', 'AMINE ELBEKRI', '6'),
	(503, '195363', 'زياد الامام', 'ZIED LIMAM', '6'),
	(504, '195364', 'محمد نجماوي', 'MOHAMED NEJMAOUI', '6'),
	(505, '195366', 'عبد الرؤوف عبيدي', 'ABDERAOUEF ABIDI', '6'),
	(506, '195367', 'الامجد عماري', 'LAMJED AMMARI', '6'),
	(507, '195369', 'يوسف العكروت', 'YOUSEF ELAKROUT', '6'),
	(508, '195372', 'ياسين ورغي', 'YASSINE WERGHI', '6'),
	(509, '195374', 'محمود احمدي', 'MAHMOUD AHMADI', '6'),
	(510, '195375', 'عبد المنعم معمر', 'ABDELMONEEM MAMER', '6'),
	(511, '195376', 'بلال الفالح', 'BILEL ELFALEH', '6'),
	(512, '195377', 'هبة صغير', 'HEBA SGAIER', '6'),
	(513, '195378', 'كريم مرزوقي', 'KARIM MARZOUGUI', '6'),
	(514, '195379', 'ثامر رضواني', 'THAMER RADHOUANI', '6'),
	(515, '195380', 'عصام عباسي', 'ISSAM ABASSI', '6'),
	(516, '195382', 'لطفي نمسي', 'LOTFI NAMSI', '6'),
	(517, '195383', 'جهاد المرزوقي', 'JIHED ELMARZOUGUI', '6'),
	(518, '195384', 'محمد جوادي', 'MOHAMED JAWADI', '6'),
	(519, '195385', 'شادية صغير', 'CHEDIA SGAIER', '6'),
	(520, '195386', 'غادة عزالدين', 'GHADA EZZEDINE', '6'),
	(521, '195387', 'محمد امين حفصاوي', 'MED AMIN HAFSAWI', '6'),
	(522, '195388', 'الياس سوالمية', 'ELYES SOUALMIA', '6'),
	(523, '195392', 'خالد عموري', 'KHALED AMOURI', '6'),
	(524, '195394', 'الصحبي حميدي', 'ESSAHBI HMIDI', '6'),
	(525, '195395', 'وجدي جلولي', 'WAJDI JELOULI', '6'),
	(526, '195396', 'جوهر ثابت', 'JAWHER THABET', '6'),
	(527, '195397', 'أحمد السليطي', 'AHMED SLITI', '6'),
	(528, '195398', 'عبد الرحمان عرفاوي', 'ABDERAHMAN ARFAOUI', '6'),
	(529, '195399', 'عادل مستوري', 'ADEL MESTOURI', '6'),
	(530, '195400', 'وليد عمري', 'WALID OMRI', '6'),
	(531, '195401', 'وليد رزيق', 'WALID RZIGU', '6'),
	(532, '195405', 'ناظم بن محرز', 'NADHEM B MEHREZ', '6'),
	(533, '195407', 'يوسف جلولي', 'YOUSSEF JALOULI', '6'),
	(534, '195409', 'حمزة حاجي', 'HAMZA HAJI', '6'),
	(535, '195410', 'بلال محمدي', 'BILEL MHAMDI', '6'),
	(536, '195411', 'فراس مبارك', 'FIRAS MBAREK', '6'),
	(537, '195412', 'محمد عليمي', 'MOHD ALIMI', '6'),
	(538, '195413', 'اسماء بوزرارة', 'ASMA BOUZRARA', '6'),
	(539, '195414', 'وفاء الحلفاوي', 'WAFA ALHALFAOUI', '6'),
	(540, '195415', 'الطاهر القطاط', 'TAHER GUETAT', '6'),
	(541, '195416', 'بلال بنحامد', 'BILEL BENHAMED', '6'),
	(542, '195418', 'نسرين بنعلية', 'NESRINE BEN ALAYA', '6'),
	(543, '195419', 'سنية حمدي', 'SONIA HAMDI', '6'),
	(544, '195420', 'محمد اليتيم', 'MOHAMED  LITAIEM', '6'),
	(545, '195421', 'سليمان بن علي', 'SLIMEN BN ALI', '6'),
	(546, '195423', 'علاء روابح', 'ALA ROUABEH', '6'),
	(547, '195425', 'نوال بويحي', 'NAWEL BOUAHI', '6'),
	(548, '195426', 'امين احمدي', 'AMIN AHMDI', '6'),
	(549, '195429', 'رفيق صميدة', 'RAFIK SMIDA', '6'),
	(550, '195430', 'سهيل القاسمي', 'SOUHEIL QUESMI', '6'),
	(551, '195431', 'سالم دباوي', 'SALEM DABAOUI', '6'),
	(552, '195432', 'حوراء ماجدي', 'HAOURA MEJDI', '6'),
	(553, '195433', 'عبد الرؤوف حيدري', 'ABDELRAOUF HIDRI', '6'),
	(554, '195435', 'الفة قيزة', 'OLFA GIZA', '6'),
	(555, '195436', 'احمد بنميري', 'AHMED B NEMRI', '6'),
	(556, '195437', 'بلال مرايدي', 'BILEL MRAYDI', '6'),
	(557, '195439', 'محمد جملي', 'MOHD JEMLI', '6'),
	(558, '195443', 'فنون زموري', 'FOUNOUN ZAMOURI', '6'),
	(559, '195445', 'وفاء سديري', 'WAFA SDIRI', '6'),
	(560, '195446', 'محمد زروق', 'MOHAMED ZARROUK', '6'),
	(561, '195448', 'هاجر الغربي', 'HAJER ELGHARBI', '6'),
	(562, '195451', 'لطفي الماجري', 'LOTFI ELMAJRI', '6'),
	(563, '195453', 'احمد يحي', 'AHMED YAHYA', '6'),
	(564, '195454', 'خولة كداشي', 'KADDACHI KHAOULA', '6'),
	(565, '195455', 'راوية بوشريكة', 'RAOUIA BOUCHRIKA', '6'),
	(566, '195457', 'سندس تباسي', 'SENDES TABASSI', '6'),
	(567, '195463', 'خالد سعده', 'KAALED SAADA', '6'),
	(568, '195464', 'لسعد المقيرحي', 'LASEED MGERHI', '6'),
	(569, '195465', 'حنان عياش', 'HANEN AYACHE', '6'),
	(570, '195466', 'مروان صغروني', 'SAGAROUNI MARWEN', '6'),
	(571, '195467', 'حنان عزازة', 'HANEN AZAZA', '6'),
	(572, '195468', 'هالة البكري', 'HELA ELBEKRI', '6'),
	(573, '195469', 'نور الدين رابحي', 'NOUREDDINE REBHI', '6'),
	(574, '195471', 'وسام هواشتية', 'WISEM HWACHTIA', '6'),
	(575, '195472', 'فهد بو هجار', 'FAHED BOUHJAR', '6'),
	(576, '195473', 'معز رزقي', 'REZGUI MOEZ', '6'),
	(577, '195474', 'عاطف ميعادي', 'ATEF MIAADI', '6'),
	(578, '195475', 'مهدي فلالي', 'MAHDI FILALI', '6'),
	(579, '195476', 'شوقي شرطاني', 'CHORTANI CHAOUKI', '6'),
	(580, '195477', 'نجيب مقدمي', 'NAJIB MKADMI', '6'),
	(581, '195479', 'عماد صماري', 'IMED SMARI', '6'),
	(582, '195480', 'حسين وصيفي', 'HOUSSEM', '6'),
	(583, '195481', 'نجيب بوعوني', 'NAJIB BOUAOUNI', '6'),
	(584, '195482', 'هالة عثماني', 'HALA OTHMANI', '6'),
	(585, '195483', 'علي خالدي', 'ALI KHALDI', '6'),
	(586, '195484', 'عادل حفيّظ', 'HFEIDH ADEL', '6'),
	(587, '195485', 'محمد ذياب', 'MOHAMED DHIAB', '6'),
	(588, '195486', 'علي محمد سليمان', 'ALI SELIMENI', '6'),
	(589, '195487', 'صلاح الدين سواري', 'SALAH ELDINE SOUARI', '6'),
	(590, '195488', 'رمزي خميلي', 'RAMZI KHMILI', '6'),
	(591, '195489', 'محمد عبدالصادق خليفي', 'MOHAMED KHLIFI', '6'),
	(592, '195490', 'علي بن محمد إمامي', 'MOHAMED B ALI  IMAMI', '6'),
	(593, '195491', 'حسني اذياب', 'HOSNI DHIEB', '6'),
	(594, '195492', 'بوعلي تليجاني', 'TLIJANI BOUALI', '6'),
	(595, '195493', 'وسيم رقيعة', 'WASSIM IRGUAAIA', '6'),
	(596, '195494', 'هشام مقدمي', 'HICHEM MKADMI', '6'),
	(597, '195495', 'حسام الأكحل', 'HOUSSEM LAKHHIL', '6'),
	(598, '195496', 'قيس هرماسي', 'KAIS HARMASSI', '6'),
	(599, '195498', 'مراد بوزياني', 'MORAD BOUZAYANI', '6'),
	(600, '195499', 'هيثم سلطاني', 'SOLTANI HAYTHEM', '6'),
	(601, '195500', 'وسيلة سليمان', 'WASSILA SLIMEN', '6'),
	(602, '195501', 'طارق التريكي', 'TAREK TURKI', '6'),
	(603, '195502', 'وعد منصوري', '', '6');

-- Dumping structure for table suivi_cc_dev.chronologie
CREATE TABLE IF NOT EXISTS `chronologie` (
  `id` int NOT NULL AUTO_INCREMENT,
  `idDossier` int NOT NULL,
  `idInstance` int NOT NULL,
  `dateEnvoi` datetime(3) DEFAULT NULL,
  `traite` tinyint(1) NOT NULL DEFAULT '0',
  `commentaire` varchar(191) CHARACTER SET utf8mb4 COLLATE utf8mb4_unicode_ci DEFAULT NULL,
  `dateLimite` datetime(3) NOT NULL,
  `filePath` varchar(191) DEFAULT NULL,
  `fromInstance` varchar(191) DEFAULT NULL,
  PRIMARY KEY (`id`),
  KEY `Chronologie_idDossier_fkey` (`idDossier`),
  KEY `Chronologie_idInstance_fkey` (`idInstance`),
  KEY `Chronologie_id_idx` (`id`),
  CONSTRAINT `Chronologie_idDossier_fkey` FOREIGN KEY (`idDossier`) REFERENCES `dossier` (`id`) ON DELETE RESTRICT ON UPDATE CASCADE,
  CONSTRAINT `Chronologie_idInstance_fkey` FOREIGN KEY (`idInstance`) REFERENCES `instance` (`id`) ON DELETE RESTRICT ON UPDATE CASCADE
) ENGINE=InnoDB AUTO_INCREMENT=145 DEFAULT CHARSET=utf8mb3;

-- Dumping data for table suivi_cc_dev.chronologie: ~22 rows (approximately)
INSERT INTO `chronologie` (`id`, `idDossier`, `idInstance`, `dateEnvoi`, `traite`, `commentaire`, `dateLimite`, `filePath`, `fromInstance`) VALUES
	(123, 34, 19, '2024-11-07 07:05:54.421', 1, 'إنشاء ملف جديد', '2024-11-05 23:00:00.000', NULL, NULL),
	(124, 35, 20, '2024-11-07 07:08:16.675', 0, 'إنشاء ملف جديد', '2024-11-10 23:00:00.000', NULL, NULL),
	(125, 36, 21, '2024-11-07 07:08:45.542', 1, 'إنشاء ملف جديد', '2024-11-11 23:00:00.000', NULL, NULL),
	(126, 37, 22, '2024-11-07 07:24:03.428', 0, 'إنشاء ملف جديد', '2024-11-11 23:00:00.000', NULL, NULL),
	(127, 38, 23, '2024-11-07 07:28:19.605', 0, 'إنشاء ملف جديد', '2024-11-04 23:00:00.000', NULL, NULL),
	(128, 39, 24, '2024-11-07 07:35:49.506', 0, 'إنشاء ملف جديد', '2024-11-11 23:00:00.000', NULL, NULL),
	(129, 40, 25, '2024-11-07 07:37:25.823', 0, 'إنشاء ملف جديد', '2024-11-12 23:00:00.000', NULL, NULL),
	(130, 41, 26, '2024-11-07 07:48:35.220', 0, 'إنشاء ملف جديد', '2024-11-11 23:00:00.000', NULL, NULL),
	(131, 42, 27, '2024-11-07 07:53:50.054', 0, 'إنشاء ملف جديد', '2024-11-05 23:00:00.000', NULL, NULL),
	(132, 43, 28, '2024-11-07 09:24:49.992', 1, 'إنشاء ملف جديد', '2024-11-10 23:00:00.000', NULL, NULL),
	(133, 44, 29, '2024-11-07 09:26:49.570', 0, 'إنشاء ملف جديد', '2024-11-18 23:00:00.000', NULL, NULL),
	(134, 43, 1, '2024-11-07 09:27:13.213', 1, NULL, '2024-12-06 09:27:04.686', 'Letter commision DEP.pdf', NULL),
	(135, 43, 2, '2024-11-07 09:29:16.232', 0, NULL, '2024-11-17 09:28:59.750', 'TR-.png', NULL),
	(136, 34, 1, '2024-11-07 10:25:59.140', 1, NULL, '2024-12-06 10:25:57.004', NULL, NULL),
	(137, 34, 2, '2024-11-07 10:32:12.124', 1, NULL, '2024-11-17 10:32:11.069', NULL, NULL),
	(138, 34, 2, '2024-11-07 10:57:02.724', 1, NULL, '2024-11-17 10:57:01.556', NULL, 'رئيس لجنة كراس الشروط'),
	(139, 34, 1, '2024-11-07 11:03:10.630', 0, NULL, '2024-12-06 11:03:09.789', NULL, 'رئيس لجنة كراس الشروط'),
	(140, 36, 1, '2024-11-07 11:41:02.733', 0, NULL, '2024-12-06 11:41:01.829', NULL, 'رئيس لجنة كراس الشروط'),
	(141, 36, 2, '2024-11-07 11:41:16.541', 0, NULL, '2024-11-17 11:41:15.597', NULL, 'رئيس لجنة كراس الشروط'),
	(142, 36, 6, '2024-11-07 11:43:03.455', 0, NULL, '2024-11-08 11:43:01.942', NULL, 'رئيس لجنة كراس الشروط'),
	(143, 36, 2, '2024-11-07 11:49:11.791', 0, NULL, '2024-11-17 11:49:09.192', NULL, 'رئيس لجنة كراس الشروط'),
	(144, 36, 6, '2024-11-07 11:51:50.895', 0, NULL, '2024-11-08 11:51:49.560', NULL, 'رئيس لجنة كراس الشروط');

-- Dumping structure for table suivi_cc_dev.dossier
CREATE TABLE IF NOT EXISTS `dossier` (
  `id` int NOT NULL AUTO_INCREMENT,
  `type` enum('CCharges','Depouillement') CHARACTER SET utf8mb4 COLLATE utf8mb4_unicode_ci NOT NULL DEFAULT 'CCharges',
  `sujet` longtext CHARACTER SET utf8mb4 COLLATE utf8mb4_unicode_ci NOT NULL,
  `matPresident` varchar(191) CHARACTER SET utf8mb4 COLLATE utf8mb4_unicode_ci NOT NULL,
  `createdAt` datetime(3) NOT NULL DEFAULT CURRENT_TIMESTAMP(3),
  `updatedAt` datetime(3) NOT NULL,
  `dateLettre` datetime(3) NOT NULL,
  `dateLimite` datetime(3) NOT NULL,
  `dateLimiteOffres` datetime(3) DEFAULT NULL,
  `numeroDossier` varchar(191) CHARACTER SET utf8mb4 COLLATE utf8mb4_unicode_ci DEFAULT NULL,
  `nomPrenomPresident` varchar(191) CHARACTER SET utf8mb4 COLLATE utf8mb4_unicode_ci NOT NULL,
  `importance` enum('Normal','Important','TresImportant','Vital') CHARACTER SET utf8mb4 COLLATE utf8mb4_unicode_ci NOT NULL DEFAULT 'Normal',
  `numDami` varchar(191) CHARACTER SET utf8mb4 COLLATE utf8mb4_unicode_ci DEFAULT NULL,
  `instanceId` int DEFAULT NULL,
  `archive` tinyint(1) NOT NULL DEFAULT '0',
  PRIMARY KEY (`id`),
  UNIQUE KEY `Dossier_instanceId_key` (`instanceId`),
  KEY `Dossier_id_type_archive_idx` (`id`,`type`,`archive`),
  CONSTRAINT `Dossier_instanceId_fkey` FOREIGN KEY (`instanceId`) REFERENCES `instance` (`id`) ON DELETE SET NULL ON UPDATE CASCADE
) ENGINE=InnoDB AUTO_INCREMENT=45 DEFAULT CHARSET=utf8mb3;

-- Dumping data for table suivi_cc_dev.dossier: ~11 rows (approximately)
INSERT INTO `dossier` (`id`, `type`, `sujet`, `matPresident`, `createdAt`, `updatedAt`, `dateLettre`, `dateLimite`, `dateLimiteOffres`, `numeroDossier`, `nomPrenomPresident`, `importance`, `numDami`, `instanceId`, `archive`) VALUES
	(34, 'CCharges', 'test&', '100432', '2024-11-07 07:05:54.410', '2024-11-07 07:05:54.410', '2024-11-06 23:00:00.000', '2024-11-05 23:00:00.000', '1970-01-01 00:00:00.000', NULL, 'محمد الطيب البكري', 'Normal', NULL, 19, 0),
	(35, 'CCharges', 'test2', '195379', '2024-11-07 07:08:16.663', '2024-11-07 07:08:16.663', '2024-11-06 23:00:00.000', '2024-11-10 23:00:00.000', NULL, NULL, 'ثامر رضواني', 'Normal', NULL, 20, 1),
	(36, 'CCharges', 'test3', '195379', '2024-11-07 07:08:45.534', '2024-11-07 07:08:45.534', '2024-11-06 23:00:00.000', '2024-11-11 23:00:00.000', NULL, NULL, 'ثامر رضواني', 'Normal', NULL, 21, 0),
	(37, 'CCharges', 'test 4', '195154', '2024-11-07 07:24:03.415', '2024-11-07 07:24:03.415', '2024-11-06 23:00:00.000', '2024-11-11 23:00:00.000', NULL, NULL, 'رشــيــد الحــداد', 'Normal', NULL, 22, 0),
	(38, 'CCharges', 'fa', '100432', '2024-11-07 07:28:19.600', '2024-11-07 07:28:19.600', '2024-11-04 23:00:00.000', '2024-11-04 23:00:00.000', NULL, NULL, 'محمد الطيب البكري', 'Normal', NULL, 23, 0),
	(39, 'CCharges', 'test11', '195154', '2024-11-07 07:35:49.464', '2024-11-07 07:35:49.464', '2024-11-04 23:00:00.000', '2024-11-11 23:00:00.000', NULL, NULL, 'رشــيــد الحــداد', 'Normal', NULL, 24, 0),
	(40, 'CCharges', 'rtezef', '195154', '2024-11-07 07:37:25.813', '2024-11-07 07:37:25.813', '2024-11-05 23:00:00.000', '2024-11-12 23:00:00.000', '1970-01-01 00:00:00.000', NULL, 'رشــيــد الحــداد', 'Normal', NULL, 25, 0),
	(41, 'CCharges', 'test 6', '100432', '2024-11-07 07:48:35.161', '2024-11-07 07:48:35.161', '2024-11-04 23:00:00.000', '2024-11-11 23:00:00.000', NULL, NULL, 'محمد الطيب البكري', 'Normal', NULL, 26, 0),
	(42, 'CCharges', 'testuplaod', '195154', '2024-11-07 07:53:50.046', '2024-11-07 07:53:50.046', '2024-11-05 23:00:00.000', '2024-11-05 23:00:00.000', NULL, NULL, 'رشــيــد الحــداد', 'Normal', NULL, 27, 0),
	(43, 'Depouillement', 'dep test', '195379', '2024-11-07 09:24:49.938', '2024-11-07 09:24:49.938', '2024-11-03 23:00:00.000', '2024-11-10 23:00:00.000', '2024-11-10 23:00:00.000', NULL, 'ثامر رضواني', 'Normal', NULL, 28, 1),
	(44, 'Depouillement', 'dep2', '195379', '2024-11-07 09:26:49.557', '2024-11-07 09:26:49.557', '2024-11-17 23:00:00.000', '2024-11-18 23:00:00.000', NULL, NULL, 'ثامر رضواني', 'Normal', NULL, 29, 0);

-- Dumping structure for table suivi_cc_dev.instance
CREATE TABLE IF NOT EXISTS `instance` (
  `id` int NOT NULL AUTO_INCREMENT,
  `libelle` varchar(191) CHARACTER SET utf8mb4 COLLATE utf8mb4_unicode_ci NOT NULL,
  `rang` int NOT NULL,
  `delai` int NOT NULL,
  `type` enum('Standard','Commission') NOT NULL DEFAULT 'Standard',
  `matPresident` varchar(191) DEFAULT NULL,
  PRIMARY KEY (`id`),
  KEY `Instance_id_type_idx` (`id`,`type`)
) ENGINE=InnoDB AUTO_INCREMENT=30 DEFAULT CHARSET=utf8mb3;

-- Dumping data for table suivi_cc_dev.instance: ~16 rows (approximately)
INSERT INTO `instance` (`id`, `libelle`, `rang`, `delai`, `type`, `matPresident`) VALUES
	(1, 'إدارة الشراءات', 3, 29, 'Standard', NULL),
	(2, 'لجنة التزود', 3, 10, 'Standard', NULL),
	(3, 'إدارة الصيانة والعتاد', 10, 25, 'Standard', NULL),
	(4, 'كتابة هيئات المداولات', 20, 30, 'Standard', NULL),
	(6, 'اللجنة الداخلية للرقابة المسبقة', 5, 1, 'Standard', NULL),
	(19, 'رئيس لجنة كراس الشروط', 0, 30, 'Commission', '100432'),
	(20, 'رئيس لجنة كراس الشروط', 0, 30, 'Commission', '195379'),
	(21, 'رئيس لجنة كراس الشروط', 0, 30, 'Commission', '195379'),
	(22, 'رئيس لجنة كراس الشروط', 0, 30, 'Commission', '195154'),
	(23, 'رئيس لجنة كراس الشروط', 0, 30, 'Commission', '100432'),
	(24, 'رئيس لجنة كراس الشروط', 0, 30, 'Commission', '195154'),
	(25, 'رئيس لجنة كراس الشروط', 0, 30, 'Commission', '195154'),
	(26, 'رئيس لجنة كراس الشروط', 0, 30, 'Commission', '100432'),
	(27, 'رئيس لجنة كراس الشروط', 0, 30, 'Commission', '195154'),
	(28, 'رئيس لجنة فرز العروض', 0, 30, 'Commission', '195379'),
	(29, 'رئيس لجنة فرز العروض', 0, 30, 'Commission', '195379');

-- Dumping structure for table suivi_cc_dev.membre
CREATE TABLE IF NOT EXISTS `membre` (
  `id` int NOT NULL AUTO_INCREMENT,
  `idInstance` int NOT NULL,
  `idCadre` int NOT NULL,
  PRIMARY KEY (`id`),
  UNIQUE KEY `Membre_idCadre_idInstance_key` (`idCadre`,`idInstance`),
  KEY `Membre_idInstance_fkey` (`idInstance`),
  CONSTRAINT `Membre_idCadre_fkey` FOREIGN KEY (`idCadre`) REFERENCES `cadre` (`id`) ON DELETE RESTRICT ON UPDATE CASCADE,
  CONSTRAINT `Membre_idInstance_fkey` FOREIGN KEY (`idInstance`) REFERENCES `instance` (`id`) ON DELETE RESTRICT ON UPDATE CASCADE
) ENGINE=InnoDB AUTO_INCREMENT=27 DEFAULT CHARSET=utf8mb3;

-- Dumping data for table suivi_cc_dev.membre: ~9 rows (approximately)
INSERT INTO `membre` (`id`, `idInstance`, `idCadre`) VALUES
	(23, 3, 4),
	(25, 6, 43),
	(3, 3, 106),
	(6, 4, 106),
	(1, 1, 361),
	(19, 2, 361),
	(20, 3, 361),
	(4, 2, 514),
	(11, 4, 514);

/*!40103 SET TIME_ZONE=IFNULL(@OLD_TIME_ZONE, 'system') */;
/*!40101 SET SQL_MODE=IFNULL(@OLD_SQL_MODE, '') */;
/*!40014 SET FOREIGN_KEY_CHECKS=IFNULL(@OLD_FOREIGN_KEY_CHECKS, 1) */;
/*!40101 SET CHARACTER_SET_CLIENT=@OLD_CHARACTER_SET_CLIENT */;
/*!40111 SET SQL_NOTES=IFNULL(@OLD_SQL_NOTES, 1) */;
